[{
  "_id": {
    "$oid": "637a076abaa32860191f4b03"
  },
  "questionId": 2,
  "request": "FORMAL",
  "answers": [
    "map",
    "reduce",
    "distinct",
    "filter"
  ],
  "rightAnswer": 3,
  "_class": "cseon.domain.Answer"
},{
  "_id": {
    "$oid": "637a076dbaa32860191f4b04"
  },
  "questionId": 1,
  "request": "FORMAL",
  "answers": [
    "객체는 상태, 동작, 고유 식별자를 가진 모든 것이라 할 수 있다.",
    "객체는 공통 속성을 공유하는 클래스들의 집합이다.",
    "객체는 필요한 자료 구조와 이에 수행되는 함수들을 가진 하나의 독립된 존재이다.",
    "객체의 상태는 속성값에 의해 정의된다."
  ],
  "rightAnswer": 1,
  "_class": "cseon.domain.Answer"
},{
  "_id": {
    "$oid": "637a0788baa32860191f4b05"
  },
  "questionId": 4,
  "request": "FORMAL",
  "answers": [
    "Garbage Collector를 통해 객체를 관리함으로 효과적인 메모리 사용을 가능하게 합니다.",
    "byte code를 읽어 binary code로 만들어 메모리의 method 영역에 저장합니다.",
    ".java 파일을 .class의 byte code로 변환합니다.",
    "플랫폼에 종속적입니다."
  ],
  "rightAnswer": 2,
  "_class": "cseon.domain.Answer"
},{
  "_id": {
    "$oid": "637a079abaa32860191f4b06"
  },
  "questionId": 3,
  "request": "FORMAL",
  "answers": [
    "Inheritance",
    "Class",
    "Encapsulation",
    "Association"
  ],
  "rightAnswer": 2,
  "_class": "cseon.domain.Answer"
},{
  "_id": {
    "$oid": "637a07aabaa32860191f4b07"
  },
  "questionId": 6,
  "request": "FORMAL",
  "answers": [
    "FROM - WHERE - SELECT - GROUP BY - HAVING - ORDER BY",
    "FROM - WHERE - GROUP BY - HAVING - SELECT - ORDER BY",
    "SELECT - FROM - WHERE - HAVING - GROUP BY - ORDER BY",
    "SELECT - FROM - WHERE - GROUP BY - ORDER BY - HAVING"
  ],
  "rightAnswer": 1,
  "_class": "cseon.domain.Answer"
},{
  "_id": {
    "$oid": "637a07c1baa32860191f4b08"
  },
  "questionId": 7,
  "request": "FORMAL",
  "answers": [
    "SELECT - FROM - WHERE - ORDER BY - GROUP BY - HAVING",
    "SELECT - FROM - WHERE - HAVING - GROUP BY - ORDER BY",
    "SELECT - FROM - WHERE - GROUP BY - HAVING - ORDER BY",
    "SELECT - WHERE - FROM - GROUP BY - HAVING - ORDER BY"
  ],
  "rightAnswer": 2,
  "_class": "cseon.domain.Answer"
},{
  "_id": {
    "$oid": "637a07cabaa32860191f4b09"
  },
  "questionId": 5,
  "request": "FORMAL",
  "answers": [
    "다형성은 현재 코드를 변경하지 않고 새로운 클래스를 쉽게 추가할 수 있게 한다.",
    "다형성이란 여러 가지 형태를 가지고 있다는 의미로, 여러 형태를 받아들일 수 있는 특징을 말한다.",
    "메소드 오버라이딩(Overriding)은 상위 클래스에서 정의한 일반 메소드의 구현을 하위 클래스에서 무시하고 재정의할 수 있다.",
    "메소드 오버로딩(Overloading)의 경우 매개 변수 타입은 동일하지만 메소드명을 다르게 함으로써 구현, 구분할 수 있다."
  ],
  "rightAnswer": 3,
  "_class": "cseon.domain.Answer"
},{
  "_id": {
    "$oid": "637a07d9baa32860191f4b0a"
  },
  "questionId": 12,
  "request": "FORMAL",
  "answers": [
    "상호호환",
    "비점유 대기",
    "선점",
    "환형 대기"
  ],
  "rightAnswer": 3,
  "_class": "cseon.domain.Answer"
},{
  "_id": {
    "$oid": "637a07f4baa32860191f4b0b"
  },
  "questionId": 15,
  "request": "FORMAL",
  "answers": [
    "객체(Object)란 필요한 자료 구조와 수행되는 함수들을 가진 하나의 독립된 존재이다.",
    "JAVA에서 정보은닉(Information Hiding)을 표기할 때 private의 의미는 '공개'이다.",
    "상속(Inheritance)은 개별 클래스를 상속 관계로 묶음으로써 클래스 간의 체계화된 전체 구조를 파악하기 쉽다는 장점이 있다.",
    "같은 클래스에 속하는 개개의 객체이자 하나의 클래스에서 생성된 객체를 인스턴스(Instance)라고 한다."
  ],
  "rightAnswer": 1,
  "_class": "cseon.domain.Answer"
},{
  "_id": {
    "$oid": "637a07fbbaa32860191f4b0c"
  },
  "questionId": 14,
  "request": "FORMAL",
  "answers": [
    "고정 분할은 메모리를 여러 개의 고정된 크기의 영역으로 분할함",
    "동적 분할은 각 프로세스에게 필요한 만큼의 메모리만을 할당",
    "동적 분할은 내부 단편화가 발생할 수 있음",
    "고정 분할에서 분할마다 큐를 두는 방법은 메모리 효율성이 낮음"
  ],
  "rightAnswer": 2,
  "_class": "cseon.domain.Answer"
},{
  "_id": {
    "$oid": "637a0800baa32860191f4b0d"
  },
  "questionId": 8,
  "request": "FORMAL",
  "answers": [
    "Selection sort",
    "Bubble sort",
    "Radix sort",
    "Heap sort"
  ],
  "rightAnswer": 2,
  "_class": "cseon.domain.Answer"
},{
  "_id": {
    "$oid": "637a0808baa32860191f4b0e"
  },
  "questionId": 22,
  "request": "FORMAL",
  "answers": [
    "주어진 작업을 수행하는 컴퓨터 명령어를 순서대로 나열한 것으로 볼 수 있다.",
    "검색(Searching)은 정렬이 되지 않은 데이터 혹은 정렬이 된 데이터 중에서 키값에 해당되는 데이터를 찾는 알고리즘이다.",
    "정렬(Sorting)은 흩어져있는 데이터를 키값을 이용하여 순서대로 열거하는 알고리즘이다.",
    "선형 검색은 검색을 수행하기 전에 반드시 데이터의 집합이 정렬되어 있어야 한다."
  ],
  "rightAnswer": 3,
  "_class": "cseon.domain.Answer"
},{
  "_id": {
    "$oid": "637a0819baa32860191f4b0f"
  },
  "questionId": 17,
  "request": "FORMAL",
  "answers": [
    "세그먼트의 크기는 모두 동일",
    "세그먼트의 크기는 하드웨어적인 측면과 관련 있음",
    "사상표에 세그먼트 길이를 저장함",
    "외부 단편화와 내부 단편화 모두 발생하지 않음"
  ],
  "rightAnswer": 2,
  "_class": "cseon.domain.Answer"
},{
  "_id": {
    "$oid": "637a0824baa32860191f4b10"
  },
  "questionId": 9,
  "request": "FORMAL",
  "answers": [
    "Heap sort",
    "Dual-pivot quick sort",
    "Shell sort",
    "Merge sort"
  ],
  "rightAnswer": 1,
  "_class": "cseon.domain.Answer"
},{
  "_id": {
    "$oid": "637a0825baa32860191f4b11"
  },
  "questionId": 19,
  "request": "FORMAL",
  "answers": [
    "Tree",
    "Graph",
    "Stack",
    "Queue"
  ],
  "rightAnswer": 2,
  "_class": "cseon.domain.Answer"
},{
  "_id": {
    "$oid": "637a0836baa32860191f4b12"
  },
  "questionId": 18,
  "request": "FORMAL",
  "answers": [
    "상속/구현을 전체로 한다.",
    "같은 이름의 메서드여야 하며 매개변수가 동일해야 한다.",
    "접근 제어자가 부모 클래스보다 축소되어서는 안된다.",
    "부모 클래스보다 많은 수의 예외 클래스를 가질 수 있다."
  ],
  "rightAnswer": 3,
  "_class": "cseon.domain.Answer"
},{
  "_id": {
    "$oid": "637a0841baa32860191f4b13"
  },
  "questionId": 31,
  "request": "FORMAL",
  "answers": [
    "물리적으로 분산된 데이터베이스 시스템을 논리적으로 하나의 데이터베이스 시스템처럼 사용할 수 있도록 한 것이다.",
    "물리적으로 분산되어 지역별로 필요한 데이터를 처리할 수 있는 지역 컴퓨터(Local Computer)를 분산 처리기(Distributed Processor)라고 한다.",
    "분산 데이터베이스 시스템을 위한 통신 네트워크 구조가 데이터 통신에 영향을 주므로 효율적으로 설계해야 한다.",
    "데이터베이스가 분산되어 있음을 사용자가 인식할 수 있도록 분산 투명성(Distribution Transparency)을 배제해야 한다."
  ],
  "rightAnswer": 3,
  "_class": "cseon.domain.Answer"
},{
  "_id": {
    "$oid": "637a0842baa32860191f4b14"
  },
  "questionId": 10,
  "request": "FORMAL",
  "answers": [
    "Tim sort",
    "Counting sort",
    "Insertion sort",
    "Merge sort"
  ],
  "rightAnswer": 0,
  "_class": "cseon.domain.Answer"
},{
  "_id": {
    "$oid": "637a0858baa32860191f4b15"
  },
  "questionId": 34,
  "request": "FORMAL",
  "answers": [
    "Atomicity",
    "Consistency",
    "Isolation",
    "Persistence"
  ],
  "rightAnswer": 0,
  "_class": "cseon.domain.Answer"
},{
  "_id": {
    "$oid": "637a0861baa32860191f4b16"
  },
  "questionId": 20,
  "request": "FORMAL",
  "answers": [
    "자바에서는 String이라는 문자열 자료형이 있지만, C언어에서는 문자열 자료형이 없어 char 배열이나 포인터를 문자열 처리에 이용한다.",
    "자바에서 char은 1byte, C에서 char은 2byte를 차지한다.",
    "C언어에서는 직접 대입하는 것이 불가능하기 때문에 strcpy, sprintf같은 문자열 함수를 사용한다.",
    "자바에서 문자열 비교 시 == 또는 equals 메서드를 사용한다."
  ],
  "rightAnswer": 1,
  "_class": "cseon.domain.Answer"
},{
  "_id": {
    "$oid": "637a0868baa32860191f4b17"
  },
  "questionId": 37,
  "request": "FORMAL",
  "answers": [
    "문헌의 색인, 사전과 같이 데이터를 쉽고 빠르게 찾을 수 있도록 만든 데이터 구조이다.",
    "테이블에 붙여진 색인으로 데이터 검색 시 처리 속도 향상에 도움이 된다.",
    "인덱스의 추가, 삭제 명령어는 각각 ADD, DELETE이다.",
    "대부분의 데이터베이스에서 테이블을 삭제하면 인덱스도 같이 삭제된다."
  ],
  "rightAnswer": 2,
  "_class": "cseon.domain.Answer"
},{
  "_id": {
    "$oid": "637a0871baa32860191f4b18"
  },
  "questionId": 56,
  "request": "FORMAL",
  "answers": [
    "캡슐화",
    "상속화",
    "추상화",
    "선점화"
  ],
  "rightAnswer": 3,
  "_class": "cseon.domain.Answer"
},{
  "_id": {
    "$oid": "637a0875baa32860191f4b19"
  },
  "questionId": 11,
  "request": "FORMAL",
  "answers": [
    "불안정 정렬에 비해 속도가 빠릅니다.",
    "중복되는 값에 대한 위치가 변하지 않습니다.",
    "특정한 유형의 데이터를 정렬할 때 정렬 순서 결정 시 데이터의 모든 부분을 검사합니다.",
    "기본적으로 메모리 사용이 적습니다."
  ],
  "rightAnswer": 1,
  "_class": "cseon.domain.Answer"
},{
  "_id": {
    "$oid": "637a0875baa32860191f4b1a"
  },
  "questionId": 24,
  "request": "FORMAL",
  "answers": [
    "데이터의 갯수가 확실하게 정해져 있고, 접근이 빈번한 경우 배열이 리스트보다 효율적이다.",
    "배열은 고정된 크기를 갖는 같은 자료형의 원소들이 연속적인 형태로 구성된 자료구조를 말하고, 리스트는 순서가 있는 데이터의 모임으로 빈틈 없이 데이터를 적재할 수 있는 자료 구조를 말한다.",
    "리스트는 순차성을 보장하기 때문에 cash hit 가능성이 크다.",
    "배열은 접근, 수정이 O(1)로 빠르게 조회 가능하지만 삽입과 삭제의 경우 O(n)의 시간 복잡도를 가진다."
  ],
  "rightAnswer": 2,
  "_class": "cseon.domain.Answer"
},{
  "_id": {
    "$oid": "637a087cbaa32860191f4b1b"
  },
  "questionId": 40,
  "request": "FORMAL",
  "answers": [
    "데이터 타입",
    "데이터 값의 분포",
    "트랜잭션 모델링",
    "접근 빈도"
  ],
  "rightAnswer": 2,
  "_class": "cseon.domain.Answer"
},{
  "_id": {
    "$oid": "637a088cbaa32860191f4b1c"
  },
  "questionId": 13,
  "request": "FORMAL",
  "answers": [
    "목록 분할",
    "합성 분할",
    "해시 분할",
    "경로 분할"
  ],
  "rightAnswer": 3,
  "_class": "cseon.domain.Answer"
},{
  "_id": {
    "$oid": "637a088ebaa32860191f4b1d"
  },
  "questionId": 42,
  "request": "FORMAL",
  "answers": [
    "DDL(Data Definition Language)",
    "DML(Data Manipulation Language)",
    "DCL(Data Control Language)",
    "DUL(Data User Language)"
  ],
  "rightAnswer": 2,
  "_class": "cseon.domain.Answer"
},{
  "_id": {
    "$oid": "637a0897baa32860191f4b1e"
  },
  "questionId": 57,
  "request": "FORMAL",
  "answers": [
    "클래스는 속성과 행위를 변수와 메소드로 정의한 것이다.",
    "인스턴스는 클래스를 토대로 실제 메모리상에 할당되는 것이다.",
    "클래스에서는 Enum 타입도 포함되어 있다.",
    "하나의 인스턴스에 여러 클래스를 만들 수 있다."
  ],
  "rightAnswer": 3,
  "_class": "cseon.domain.Answer"
},{
  "_id": {
    "$oid": "637a08a1baa32860191f4b1f"
  },
  "questionId": 44,
  "request": "FORMAL",
  "answers": [
    "시스템 카탈로그 또는 시스템 데이터베이스라고도 한다.",
    "데이터 사전 역시 데이터베이스의 일종이므로 일반 사용자가 생성, 유지 및 수정 할 수 있다.",
    "데이터베이스에 대한 데이터인 메타데이터(Metadata)를 저장하고 있다.",
    "데이터 사전에 있는 데이터에 실제로 접근하는 데 필요한 위치 정보는 데이터 디렉토리(Data Directory)라는 곳에서 관리한다."
  ],
  "rightAnswer": 1,
  "_class": "cseon.domain.Answer"
},{
  "_id": {
    "$oid": "637a08adbaa32860191f4b20"
  },
  "questionId": 16,
  "request": "FORMAL",
  "answers": [
    "Quick sort",
    "Insertion sort",
    "Merge sort",
    "Bubble sort"
  ],
  "rightAnswer": 0,
  "_class": "cseon.domain.Answer"
},{
  "_id": {
    "$oid": "637a08b1baa32860191f4b21"
  },
  "questionId": 46,
  "request": "FORMAL",
  "answers": [
    "모든 튜플은 서로 다른 값을 가지고 있다.",
    "하나의 릴레이션에서 튜플은 특정한 순서를 가진다.",
    "각 속성은 릴레이션 내에서 유일한 이름을 가진다.",
    "모든 속성 값은 원자 값(atomic value)을 가진다."
  ],
  "rightAnswer": 1,
  "_class": "cseon.domain.Answer"
},{
  "_id": {
    "$oid": "637a08b2baa32860191f4b22"
  },
  "questionId": 58,
  "request": "FORMAL",
  "answers": [
    "Serial GC",
    "Parallel GC",
    "Parallel Old GC",
    "CMS GC"
  ],
  "rightAnswer": 0,
  "_class": "cseon.domain.Answer"
},{
  "_id": {
    "$oid": "637a08c3baa32860191f4b23"
  },
  "questionId": 27,
  "request": "FORMAL",
  "answers": [
    "해시 함수를 사용하여 키를 해시값으로 매핑하고, 이 해시값을 색인 혹은 주소 삼아 데이터의 값을 키와 함께 저장하는 자료구조이다.",
    "자바에서 해시 맵은 synchronized가 걸려있기 때문에 멀티 스레드 환경에서 데이터 조작에 대한 일관성이 보장된다.",
    "해시 맵은 키에 널 값이 허용된다.",
    "해시 테이블에 키가 같은 값을 넣으면 초기값을 유지하지만, 해시 맵에 키가 같은 값을 넣게 되면 두번째 값으로 덮어버린다."
  ],
  "rightAnswer": 1,
  "_class": "cseon.domain.Answer"
},{
  "_id": {
    "$oid": "637a08c4baa32860191f4b24"
  },
  "questionId": 21,
  "request": "FORMAL",
  "answers": [
    "Merge sort",
    "Bucket sort",
    "Comb sort",
    "Radix sort"
  ],
  "rightAnswer": 2,
  "_class": "cseon.domain.Answer"
},{
  "_id": {
    "$oid": "637a08d0baa32860191f4b25"
  },
  "questionId": 59,
  "request": "FORMAL",
  "answers": [
    "Method Area",
    "Stack Area",
    "PC Register",
    "Execution Engine"
  ],
  "rightAnswer": 3,
  "_class": "cseon.domain.Answer"
},{
  "_id": {
    "$oid": "637a08d1baa32860191f4b26"
  },
  "questionId": 47,
  "request": "FORMAL",
  "answers": [
    "뷰는 다른 뷰를 기반으로 새로운 뷰를 만들 수 있다.",
    "뷰는 일종의 가상 테이블이며, update에는 제약이 따른다.",
    "뷰는 기본 테이블을 만드는 것처럼 create view를 사용하여 만들 수 있다.",
    "뷰는 논리적으로 존재하는 기본 테이블과 다르게 물리적으로만 존재하며 카탈로그에 저장된다."
  ],
  "rightAnswer": 3,
  "_class": "cseon.domain.Answer"
},{
  "_id": {
    "$oid": "637a08dcbaa32860191f4b27"
  },
  "questionId": 23,
  "request": "FORMAL",
  "answers": [
    "Lazy Event",
    "Stop the World",
    "Stop Java",
    "Sleeping method"
  ],
  "rightAnswer": 1,
  "_class": "cseon.domain.Answer"
},{
  "_id": {
    "$oid": "637a08debaa32860191f4b28"
  },
  "questionId": 29,
  "request": "FORMAL",
  "answers": [
    "로킹의 대상이 되는 객체의 크기를 로킹 단위라고 한다.",
    "로킹의 단위가 작아지면 로킹 오버헤드가 증가한다.",
    "파일은 로킹 단위가 될 수 있지만 레코드는 로킹 단위가 될 수 없다.",
    "로킹의 단위가 커지면 데이터베이스 공유도가 저하한다."
  ],
  "rightAnswer": 2,
  "_class": "cseon.domain.Answer"
},{
  "_id": {
    "$oid": "637a08e9baa32860191f4b29"
  },
  "questionId": 48,
  "request": "FORMAL",
  "answers": [
    "Active",
    "Partially Committed",
    "Committed",
    "Aborted"
  ],
  "rightAnswer": 1,
  "_class": "cseon.domain.Answer"
},{
  "_id": {
    "$oid": "637a08f1baa32860191f4b2a"
  },
  "questionId": 62,
  "request": "FORMAL",
  "answers": [
    "Young Generation의 영역을 조절하기",
    "Old Generation 영역을 조절하기",
    "객체의 할당이나 Promotion의 작업을 줄이는 것",
    "String을 new 키워드를 통해 생성하는 것"
  ],
  "rightAnswer": 3,
  "_class": "cseon.domain.Answer"
},{
  "_id": {
    "$oid": "637a08f1baa32860191f4b2b"
  },
  "questionId": 25,
  "request": "FORMAL",
  "answers": [
    "릴레이션 내의 튜플들이 각 속성의 도메인에 지정 값만을 가져야 한다.",
    "기본키에 속해 있는 애트리뷰트는 널 값이나 중복 값을 가질 수 없다.",
    "릴레이션은 참조할 수 없는 외래키 값을 가질 수 없다.",
    "키 속성의 모든 값들은 서로 같은 값이 없어야 한다."
  ],
  "rightAnswer": 1,
  "_class": "cseon.domain.Answer"
},{
  "_id": {
    "$oid": "637a08f3baa32860191f4b2c"
  },
  "questionId": 32,
  "request": "FORMAL",
  "answers": [
    "트랜잭션",
    "유닛",
    "커밋",
    "쿼리"
  ],
  "rightAnswer": 0,
  "_class": "cseon.domain.Answer"
},{
  "_id": {
    "$oid": "637a08fcbaa32860191f4b2d"
  },
  "questionId": 49,
  "request": "FORMAL",
  "answers": [
    "SELECT",
    "UPDATE",
    "INSERT",
    "GRANT"
  ],
  "rightAnswer": 3,
  "_class": "cseon.domain.Answer"
},{
  "_id": {
    "$oid": "637a0908baa32860191f4b2e"
  },
  "questionId": 36,
  "request": "FORMAL",
  "answers": [
    "HashSet",
    "ArrayList",
    "Vector",
    "TreeMap"
  ],
  "rightAnswer": 3,
  "_class": "cseon.domain.Answer"
},{
  "_id": {
    "$oid": "637a090ebaa32860191f4b2f"
  },
  "questionId": 51,
  "request": "FORMAL",
  "answers": [
    "Atomic key",
    "Super key",
    "Candidate key",
    "Test key"
  ],
  "rightAnswer": 2,
  "_class": "cseon.domain.Answer"
},{
  "_id": {
    "$oid": "637a090ebaa32860191f4b30"
  },
  "questionId": 26,
  "request": "FORMAL",
  "answers": [
    "단일 원형 연결 리스트",
    "이중 연결 리스트",
    "단일 연결 리스트",
    "순차 연결 리스트"
  ],
  "rightAnswer": 1,
  "_class": "cseon.domain.Answer"
},{
  "_id": {
    "$oid": "637a0913baa32860191f4b31"
  },
  "questionId": 63,
  "request": "FORMAL",
  "answers": [
    "StringBuilder는 가변이고 StringBuffer는 불변이다",
    "둘 다 빌더 패턴이 적용되어 있다.",
    "둘의 차이는 동기화의 유무이다.",
    "StringBuffer는 동기화 키워드를 사용하고 있다."
  ],
  "rightAnswer": 0,
  "_class": "cseon.domain.Answer"
},{
  "_id": {
    "$oid": "637a091bbaa32860191f4b32"
  },
  "questionId": 38,
  "request": "FORMAL",
  "answers": [
    "IOException",
    "NullPointerException",
    "FileNotFoundException",
    "SQLException"
  ],
  "rightAnswer": 1,
  "_class": "cseon.domain.Answer"
},{
  "_id": {
    "$oid": "637a0923baa32860191f4b33"
  },
  "questionId": 54,
  "request": "FORMAL",
  "answers": [
    "산출물로 E-R Diagram을 만들 수 있다.",
    "DBMS에 독립적인 개념 스키마를 설계한다.",
    "트랜잭션 인터페이스를 설계 및 작성한다.",
    "논리적 설계 단계의 앞 단계에서 수행된다."
  ],
  "rightAnswer": 2,
  "_class": "cseon.domain.Answer"
},{
  "_id": {
    "$oid": "637a0924baa32860191f4b34"
  },
  "questionId": 28,
  "request": "FORMAL",
  "answers": [
    "모든 정점 간의 최단 경로 문제와 스트링 편집 거리 문제에 적용된다.",
    "상향식 접근 방법이다.",
    "최적성의 원리가 만족되는 문제에만 적용할 수 있다.",
    "소문제들은 서로 독립적이다."
  ],
  "rightAnswer": 3,
  "_class": "cseon.domain.Answer"
},{
  "_id": {
    "$oid": "637a0933baa32860191f4b35"
  },
  "questionId": 64,
  "request": "FORMAL",
  "answers": [
    "Class에 final을 붙이게 되면 다른 클래스에 상속하지 못한다.",
    "Method에 붙이면 다른 메소드에 오버라이딩을 못하게 된다.",
    "Instance에 붙이게 되면 재할당이 불가능해진다.",
    "Collection에 붙이게 되면 추가 삽입이 불가능해진다."
  ],
  "rightAnswer": 3,
  "_class": "cseon.domain.Answer"
},{
  "_id": {
    "$oid": "637a093ebaa32860191f4b36"
  },
  "questionId": 30,
  "request": "FORMAL",
  "answers": [
    "red-black tree",
    "binary search tree",
    "complete binary tree",
    "B-tree"
  ],
  "rightAnswer": 3,
  "_class": "cseon.domain.Answer"
},{
  "_id": {
    "$oid": "637a093ebaa32860191f4b37"
  },
  "questionId": 55,
  "request": "FORMAL",
  "answers": [
    "NOT NULL로 널 값을 가지지 않는다.",
    "릴레이션에서 튜플을 구별할 수 있다.",
    "외래키로 참조될 수 있다.",
    "검색할 때 반드시 필요하다."
  ],
  "rightAnswer": 3,
  "_class": "cseon.domain.Answer"
},{
  "_id": {
    "$oid": "637a094bbaa32860191f4b38"
  },
  "questionId": 43,
  "request": "FORMAL",
  "answers": [
    "뷰",
    "시스템 카탈로그",
    "스키마",
    "데이터 디렉토리"
  ],
  "rightAnswer": 0,
  "_class": "cseon.domain.Answer"
},{
  "_id": {
    "$oid": "637a0955baa32860191f4b39"
  },
  "questionId": 33,
  "request": "FORMAL",
  "answers": [
    "입력이 거의 정렬된 경우 빠른 수행 시간 O(n)을 갖는다.",
    "안정적인 정렬 알고리즘이다.",
    "셸 정렬의 단점을 보완한 방법이다.",
    "제자리 정렬 알고리즘이다."
  ],
  "rightAnswer": 2,
  "_class": "cseon.domain.Answer"
},{
  "_id": {
    "$oid": "637a095fbaa32860191f4b3a"
  },
  "questionId": 45,
  "request": "FORMAL",
  "answers": [
    "삭제 이상",
    "삽입 이상",
    "갱신 이상",
    "조회 이상"
  ],
  "rightAnswer": 3,
  "_class": "cseon.domain.Answer"
},{
  "_id": {
    "$oid": "637a0969baa32860191f4b3b"
  },
  "questionId": 65,
  "request": "FORMAL",
  "answers": [
    "@Bean만 빈으로 등록할 때 쓰는 어노테이션이다.",
    "@Component는 메소드 레벨에서 선언해주는 것이다.",
    "@Bean은 개발자가 컨트롤 불가능한 외부 라이브러리 사용할 때 쓴다.",
    "@Bean은 클래스 레벨에서 선언해주는 것이다."
  ],
  "rightAnswer": 2,
  "_class": "cseon.domain.Answer"
},{
  "_id": {
    "$oid": "637a096ebaa32860191f4b3c"
  },
  "questionId": 35,
  "request": "FORMAL",
  "answers": [
    "선형 탐사",
    "이중 해싱",
    "이차 탐사",
    "연쇄법"
  ],
  "rightAnswer": 0,
  "_class": "cseon.domain.Answer"
},{
  "_id": {
    "$oid": "637a0973baa32860191f4b3d"
  },
  "questionId": 50,
  "request": "FORMAL",
  "answers": [
    "자료가 정렬되어 있어야 한다.",
    "순차 검색이라고도 한다.",
    "자료의 개수가 짝수이어야 한다.",
    "자료의 개수가 홀수이어야 한다."
  ],
  "rightAnswer": 0,
  "_class": "cseon.domain.Answer"
},{
  "_id": {
    "$oid": "637a098abaa32860191f4b3e"
  },
  "questionId": 52,
  "request": "FORMAL",
  "answers": [
    "1NF → 2NF",
    "2NF → 3NF",
    "3NF → BCNF",
    "BCNF → 4NF"
  ],
  "rightAnswer": 0,
  "_class": "cseon.domain.Answer"
},{
  "_id": {
    "$oid": "637a09a0baa32860191f4b3f"
  },
  "questionId": 53,
  "request": "FORMAL",
  "answers": [
    "SRT",
    "FILO",
    "RR",
    "SJF"
  ],
  "rightAnswer": 2,
  "_class": "cseon.domain.Answer"
},{
  "_id": {
    "$oid": "637a09a8baa32860191f4b40"
  },
  "questionId": 39,
  "request": "FORMAL",
  "answers": [
    "여러 개의 프로세스 또는 쓰레드가 동시에 실행되는 시스템의 특성",
    "동시에 실행되는 여러 개의 프로세스 또는 쓰레드를 병행 프로세스라 부름",
    "하나의 CPU에서 병행 프로세스가 인터리빙 형식으로 실행",
    "분산 메모리 구조에서는 병행 프로세스 처리가 불가"
  ],
  "rightAnswer": 3,
  "_class": "cseon.domain.Answer"
},{
  "_id": {
    "$oid": "637a09b8baa32860191f4b41"
  },
  "questionId": 66,
  "request": "FORMAL",
  "answers": [
    "UPDATE",
    "ALTER",
    "DROP",
    "CREATE"
  ],
  "rightAnswer": 0,
  "_class": "cseon.domain.Answer"
},{
  "_id": {
    "$oid": "637a09b8baa32860191f4b42"
  },
  "questionId": 71,
  "request": "FORMAL",
  "answers": [
    "공개키",
    "DES",
    "대칭키",
    "해싱"
  ],
  "rightAnswer": 3,
  "_class": "cseon.domain.Answer"
},{
  "_id": {
    "$oid": "637a09cabaa32860191f4b43"
  },
  "questionId": 67,
  "request": "FORMAL",
  "answers": [
    "필드키",
    "슈퍼키",
    "외래키",
    "후보키"
  ],
  "rightAnswer": 2,
  "_class": "cseon.domain.Answer"
},{
  "_id": {
    "$oid": "637a09cdbaa32860191f4b44"
  },
  "questionId": 41,
  "request": "FORMAL",
  "answers": [
    "임계 영역",
    "상호배제",
    "교착상태",
    "기아상태"
  ],
  "rightAnswer": 1,
  "_class": "cseon.domain.Answer"
},{
  "_id": {
    "$oid": "637a09dabaa32860191f4b45"
  },
  "questionId": 68,
  "request": "FORMAL",
  "answers": [
    "추상화",
    "다형성",
    "캡슐화",
    "상속"
  ],
  "rightAnswer": 3,
  "_class": "cseon.domain.Answer"
},{
  "_id": {
    "$oid": "637a09e7baa32860191f4b46"
  },
  "questionId": 60,
  "request": "FORMAL",
  "answers": [
    "인터페이스 분리 원칙(Interface Segregation Principle)",
    "리스코프 치환 원칙(Liskov Substitution Principle)",
    "의존 확장 원칙(Dependency Expansion Principle)",
    "단일 책임 원칙(Single Responsibility Principle)"
  ],
  "rightAnswer": 2,
  "_class": "cseon.domain.Answer"
},{
  "_id": {
    "$oid": "637a09efbaa32860191f4b47"
  },
  "questionId": 69,
  "request": "FORMAL",
  "answers": [
    "트리",
    "리스트",
    "스택",
    "데크"
  ],
  "rightAnswer": 0,
  "_class": "cseon.domain.Answer"
},{
  "_id": {
    "$oid": "637a0a01baa32860191f4b48"
  },
  "questionId": 61,
  "request": "FORMAL",
  "answers": [
    "선점",
    "순환 대기",
    "점유 대기",
    "상호 배제"
  ],
  "rightAnswer": 0,
  "_class": "cseon.domain.Answer"
},{
  "_id": {
    "$oid": "637a0a7abaa32860191f4b49"
  },
  "questionId": 70,
  "request": "FORMAL",
  "answers": [
    "벨만-포드 알고리즘",
    "위상 정렬 알고리즘",
    "KMP 알고리즘",
    "은행원 알고리즘"
  ],
  "rightAnswer": 3,
  "_class": "cseon.domain.Answer"
},{
  "_id": {
    "$oid": "637a0a9abaa32860191f4b4a"
  },
  "questionId": 72,
  "request": "FORMAL",
  "answers": [
    "Spring",
    "React",
    "Vue",
    "Django"
  ],
  "rightAnswer": 1,
  "_class": "cseon.domain.Answer"
},{
  "_id": {
    "$oid": "637a0abcbaa32860191f4b4b"
  },
  "questionId": 73,
  "request": "FORMAL",
  "answers": [
    "dispatcherServlet - view - controller - handler",
    "view - handelr - controller - dispatcherServlet",
    "dispatcherServlet - controller - handler - view",
    "dispatcherServlet - handler - controller - view"
  ],
  "rightAnswer": 3,
  "_class": "cseon.domain.Answer"
},{
  "_id": {
    "$oid": "637a0adfbaa32860191f4b4c"
  },
  "questionId": 74,
  "request": "FORMAL",
  "answers": [
    "테스트 코드 작성 불필요",
    "순환 참조 방지",
    "객체 변이 방지",
    "code smell 제거"
  ],
  "rightAnswer": 0,
  "_class": "cseon.domain.Answer"
},{
  "_id": {
    "$oid": "637a0b02baa32860191f4b4d"
  },
  "questionId": 75,
  "request": "FORMAL",
  "answers": [
    "객체의 생성, 소멸과 같은 라이프 사이클을 관리해준다.",
    "트랜잭션의 로깅, 보안과 같이 여러 모듈에서 공통적으로 사용하는 기능의 경우 해당 기능을 분리하여 관리할 수 있다.",
    "컨트롤의 제어권이 사용자에게 있어 본인의 필요에 따라 원하는 부분을 변경할 수 있다.",
    "확장성이 높다."
  ],
  "rightAnswer": 2,
  "_class": "cseon.domain.Answer"
},{
  "_id": {
    "$oid": "637a0b4dbaa32860191f4b4e"
  },
  "questionId": 76,
  "request": "FORMAL",
  "answers": [
    "Unit Test가 용이해진다.",
    "결합도를 높이며 유연한 코드를 작성할 수 있다.",
    "객체간 종속성을 줄일 수 있다.",
    "코드의 재활용성이 높아진다."
  ],
  "rightAnswer": 1,
  "_class": "cseon.domain.Answer"
},{
  "_id": {
    "$oid": "637a0b6bbaa32860191f4b4f"
  },
  "questionId": 77,
  "request": "FORMAL",
  "answers": [
    "컨테이너 생성 - 빈 생성 - 의존관계 주입 - 초기화 콜백 메소드 호출 - 어플리케이션 빈 사용 - 소멸 전 콜백 메소드 호출 - 종료",
    "컨테이너 생성 - 빈 생성 - 초기화 콜백 메소드 호출 - 어플리케이션 빈 사용 - 종료",
    "빈 생성 - 컨테이너 생성 - 의존관계 주입 - 어플리케이션 빈 사용 - 종료",
    "빈 생성 - 컨테이너 생성 - 초기화 콜백 메소드 호출 - 의존관계 주입 - 어플리케이션 빈 사용 - 소멸 전 콜백 메소드 호출  - 종료"
  ],
  "rightAnswer": 0,
  "_class": "cseon.domain.Answer"
},{
  "_id": {
    "$oid": "637a0b8abaa32860191f4b50"
  },
  "questionId": 78,
  "request": "FORMAL",
  "answers": [
    "reduce",
    "map",
    "filter",
    "distinct"
  ],
  "rightAnswer": 3,
  "_class": "cseon.domain.Answer"
}]